Node,Influence_Score,Community
40981798,0.2565508594847081,1
43003845,0.2482414488282797,1
22462180,0.22871527705462041,1
34428380,0.2271801699932723,1
279787626,0.17711328935907683,1
